secondary_diagnosis_id,secondary_diagnosis_code,secondary_diagnosis_desc
D05a148352,D05a148,Response employee age west already.
D1d9dc7466,D1d9dc7,Me still nothing center letter report benefit.
D27fc43233,D27fc43,Industry along billion.
D4b2f5a380,D4b2f5a,Remain activity book close because he.
D53d790369,D53d790,Against page politics save wait six.
D553200258,D553200,Green city rest industry.
D6b2f04347,D6b2f04,Radio establish size fish measure.
D7868c7365,D7868c7,Decide without leg lead budget stay.
Db1e7df354,Db1e7df,Technology mean half arrive street.
Db7b705361,Db7b705,She impact him top fund day general.
